Top pages,Clicks,Impressions,CTR,Position
https://www.teachings.ai/learn/alphabets/letter-e.html,7,3807,0.18%,9.84
https://www.teachings.ai/downloads.html,4,83,4.82%,10.31
https://www.teachings.ai/bodyparts.html,4,40,10%,12.78
https://www.teachings.ai/learn/alphabets/letter-t.html,3,3165,0.09%,11.68
https://www.teachings.ai/learn/alphabets/letter-a.html,3,767,0.39%,16.05
https://www.teachings.ai/learn/numbers/number-5.html,3,237,1.27%,23.08
https://www.teachings.ai/countries.html,3,49,6.12%,20.02
https://www.teachings.ai/learn/alphabets/letter-n.html,2,2246,0.09%,10.4
https://www.teachings.ai/learn/alphabets/letter-p.html,2,1824,0.11%,11.26
https://www.teachings.ai/learn/fruits/kiwi.html,2,1396,0.14%,41.96
https://www.teachings.ai/numbers.html,2,31,6.45%,9.32
https://www.teachings.ai/learn/vehicles/fighter-jet.html,2,9,22.22%,8.44
https://www.teachings.ai/learn/alphabets/letter-s.html,1,2309,0.04%,10.26
https://www.teachings.ai/learn/alphabets/letter-o.html,1,1977,0.05%,12.9
https://www.teachings.ai/learn/alphabets/letter-i.html,1,803,0.12%,14.66
https://www.teachings.ai/learn/alphabets/letter-q.html,1,758,0.13%,11.22
https://www.teachings.ai/learn/alphabets/letter-h.html,1,456,0.22%,32
https://www.teachings.ai/learn/alphabets/letter-r.html,1,443,0.23%,15.86
https://www.teachings.ai/colors.html,1,35,2.86%,6.97
https://www.teachings.ai/animals.html,1,29,3.45%,8.83
https://www.teachings.ai/learn/shapes/heart.html,1,27,3.7%,8.56
https://www.teachings.ai/learn/phonics/pen.html,1,23,4.35%,8.17
https://teachings.ai/,1,18,5.56%,2.61
https://www.teachings.ai/plants.html,1,15,6.67%,13.8
https://www.teachings.ai/learn/nature/forest.html,1,9,11.11%,32.22
https://www.teachings.ai/learn/body-parts/arms.html,1,8,12.5%,7
https://www.teachings.ai/,1,2,50%,1
https://www.teachings.ai/learn/alphabets/letter-l.html,0,1065,0%,15.81
https://www.teachings.ai/learn/alphabets/letter-d.html,0,783,0%,13.3
https://www.teachings.ai/learn/alphabets/letter-m.html,0,748,0%,11.06
https://www.teachings.ai/learn/alphabets/letter-x.html,0,378,0%,10.42
https://www.teachings.ai/learn/alphabets/letter-y.html,0,297,0%,12.53
https://www.teachings.ai/learn/alphabets/letter-w.html,0,292,0%,17.03
https://www.teachings.ai/learn/alphabets/letter-u.html,0,264,0%,10.08
https://www.teachings.ai/learn/numbers/number-6.html,0,212,0%,18.97
https://www.teachings.ai/learn/alphabets/letter-v.html,0,202,0%,18.78
https://www.teachings.ai/learn/alphabets/letter-b.html,0,198,0%,13.03
https://www.teachings.ai/learn/alphabets/letter-z.html,0,196,0%,14.02
https://www.teachings.ai/learn/numbers/number-10.html,0,177,0%,16.76
https://www.teachings.ai/learn/alphabets/letter-g.html,0,168,0%,15.08
https://www.teachings.ai/word-matching.html,0,114,0%,38.82
https://www.teachings.ai/learn/shapes/square.html,0,103,0%,14.86
https://www.teachings.ai/learn/alphabets/letter-c.html,0,77,0%,11.68
https://www.teachings.ai/learn/fruits/banana.html,0,76,0%,48.33
https://www.teachings.ai/learn/alphabets/letter-k.html,0,65,0%,8.32
https://www.teachings.ai/learn/shapes/pentagon.html,0,61,0%,50.8
https://www.teachings.ai/learn/shapes/star.html,0,59,0%,10.78
https://www.teachings.ai/learn/shapes/hexagon.html,0,50,0%,46.9
https://www.teachings.ai/learn/country/index.html,0,49,0%,44.82
https://www.teachings.ai/learn/alphabets/letter-f.html,0,47,0%,9.34
https://www.teachings.ai/learn/birds/hen.html,0,43,0%,34.56
https://www.teachings.ai/phonics.html,0,42,0%,49.71
https://www.teachings.ai/learn/numbers/number-4.html,0,41,0%,19.37
https://www.teachings.ai/planets.html,0,38,0%,23.32
https://www.teachings.ai/learn/shapes/rectangle.html,0,35,0%,35.37
https://www.teachings.ai/learn/vehicles/articulated-bus.html,0,34,0%,14.21
https://www.teachings.ai/learn/numbers/number-8.html,0,34,0%,20.18
https://www.teachings.ai/shapes.html,0,30,0%,15.6
https://www.teachings.ai/learn/shapes/octagon.html,0,30,0%,40.27
https://www.teachings.ai/learn/birds/parrot.html,0,30,0%,46.23
https://www.teachings.ai/electronic-gadgets.html,0,28,0%,25
https://www.teachings.ai/learn/vehicles/ships.html,0,25,0%,50.36
https://www.teachings.ai/tracing-letters-and-numbers.html,0,25,0%,53.52
https://www.teachings.ai/organs.html,0,24,0%,9.33
https://www.teachings.ai/learn/birds/hummingbird.html,0,24,0%,60.96
https://www.teachings.ai/learn/phonics/queen.html,0,22,0%,5.09
https://www.teachings.ai/learn/electronics/monitor.html,0,22,0%,7.27
https://www.teachings.ai/learn/scientists/srinivasa-ramanujan.html,0,22,0%,36.27
https://www.teachings.ai/learn/numbers/number-2.html,0,21,0%,9.05
https://www.teachings.ai/learn/shapes/circle.html,0,19,0%,19.42
https://www.teachings.ai/learn/birds/pigeon.html,0,19,0%,31.26
https://www.teachings.ai/birds.html,0,18,0%,12.89
https://www.teachings.ai/parents/building-reading-comprehension.html,0,18,0%,29.78
https://www.teachings.ai/reels.html,0,18,0%,41.17
https://www.teachings.ai/learn/phonics/octopus.html,0,16,0%,8.56
https://www.teachings.ai/vehicles.html,0,16,0%,9.06
https://www.teachings.ai/learn/shapes/oval.html,0,16,0%,29.62
https://www.teachings.ai/learn/scientists/isaac-newton.html,0,16,0%,58.69
https://www.teachings.ai/learn/scientists/alexander-graham-bell.html,0,16,0%,77.62
https://www.teachings.ai/learn/phonics/hat.html,0,15,0%,8.6
https://www.teachings.ai/flags-of-the-countries.html,0,15,0%,35
https://www.teachings.ai/learn/phonics/sun.html,0,14,0%,7.93
https://www.teachings.ai/learn/phonics/egg.html,0,14,0%,9
https://www.teachings.ai/learn/vehicles/motorcycle.html,0,14,0%,10.71
https://www.teachings.ai/learn/phonics/goat.html,0,13,0%,9.23
https://www.teachings.ai/nature-explorer.html,0,13,0%,13.15
https://www.teachings.ai/learn/vehicles/submarine.html,0,13,0%,31.54
https://www.teachings.ai/learn/shapes/triangle.html,0,13,0%,32.85
https://www.teachings.ai/learn/planets/venus.html,0,13,0%,60.85
https://www.teachings.ai/learn/vehicles/airplane.html,0,13,0%,61.62
https://www.teachings.ai/reading/understanding-reading-levels.html,0,13,0%,78.38
https://www.teachings.ai/games.html,0,12,0%,7.67
https://www.teachings.ai/learn/phonics/wolf.html,0,12,0%,8.92
https://www.teachings.ai/learn/colors/index.html,0,12,0%,12.08
https://teachings.ai/learn/fruits/apple.html,0,12,0%,19
https://www.teachings.ai/learn/fruits/apple.html,0,12,0%,19.67
https://www.teachings.ai/learn/vegetables/carrot.html,0,12,0%,50.25
https://www.teachings.ai/learn/phonics/rat.html,0,11,0%,8.45
https://www.teachings.ai/learn/phonics/umbrella.html,0,11,0%,9.09
https://www.teachings.ai/learn/electronics/game-controller.html,0,11,0%,10.18
https://www.teachings.ai/learn/phonics/yak.html,0,11,0%,10.27
https://www.teachings.ai/learn/birds/flamingo.html,0,11,0%,38
https://www.teachings.ai/math/games-for-fact-fluency.html,0,11,0%,66.09
https://www.teachings.ai/learn/electronics/speaker.html,0,9,0%,5.56
https://www.teachings.ai/fruits.html,0,9,0%,11.78
https://www.teachings.ai/fantasy-world.html,0,9,0%,14.44
https://www.teachings.ai/learn/birds/peacock.html,0,9,0%,45.11
https://www.teachings.ai/learn/phonics/ball.html,0,8,0%,6.88
https://www.teachings.ai/learn/phonics/tap.html,0,8,0%,8.38
https://teachings.ai/learn/electronics/index.html,0,8,0%,26.62
https://www.teachings.ai/learn/electronics/usb-pendrive.html,0,8,0%,28.25
https://www.teachings.ai/learn/index.html,0,8,0%,31.88
https://www.teachings.ai/learn/planets/earth.html,0,8,0%,44.38
https://www.teachings.ai/mirror-words-learning.html,0,8,0%,53.5
https://www.teachings.ai/kindergarten/kindergarten-sight-words-guide.html,0,8,0%,65.75
https://www.teachings.ai/about.html,0,7,0%,11.57
https://www.teachings.ai/odd-even-sorting.html,0,7,0%,18
https://www.teachings.ai/learn/animals/bear.html,0,7,0%,18.43
https://www.teachings.ai/learn/animals/cow.html,0,7,0%,36.43
https://www.teachings.ai/learn/vehicles/bicycle.html,0,7,0%,37.43
https://teachings.ai/learn/vehicles/bus.html,0,6,0%,8.5
https://www.teachings.ai/learn/phonics/van.html,0,6,0%,8.67
https://www.teachings.ai/learn/phonics/xylophone.html,0,6,0%,8.83
https://www.teachings.ai/learn/body-parts/index.html,0,6,0%,9.5
https://www.teachings.ai/learn/fantasy/index.html,0,6,0%,9.67
https://www.teachings.ai/learn/birds/sparrow.html,0,6,0%,22
https://www.teachings.ai/scientists.html,0,6,0%,23.17
https://www.teachings.ai/math/money-math-counting-coins.html,0,6,0%,60.67
https://www.teachings.ai/preschool/sensory-play-ideas.html,0,6,0%,70.33
https://www.teachings.ai/learn/scientists/thomas-edison.html,0,6,0%,73.83
https://www.teachings.ai/learn/phonics/fish.html,0,5,0%,5.8
https://www.teachings.ai/learn/fantasy/fairy.html,0,5,0%,6.6
https://www.teachings.ai/learn/body-parts/head.html,0,5,0%,11
https://www.teachings.ai/disclaimer.html,0,5,0%,11.2
https://www.teachings.ai/publicservice.html,0,5,0%,14.4
https://www.teachings.ai/privacy-policy.html,0,5,0%,16.6
https://www.teachings.ai/math/teaching-fractions-with-everyday-objects.html,0,5,0%,20.8
https://teachings.ai/learn/country/canada.html,0,5,0%,28.4
https://www.teachings.ai/learn/planets/neptune.html,0,5,0%,40.2
https://www.teachings.ai/learn/planets/index.html,0,5,0%,44
https://www.teachings.ai/learn/country/uae.html,0,5,0%,48
https://www.teachings.ai/learn/plants/fern.html,0,5,0%,49.6
https://www.teachings.ai/reading/reading-comprehension-questions-to-ask.html,0,5,0%,55.6
https://www.teachings.ai/worksheets/alphabet-tracing.html,0,5,0%,73.8
https://www.teachings.ai/learn/vehicles/tow-truck.html,0,4,0%,3.25
https://www.teachings.ai/learn/plants/mango-tree.html,0,4,0%,8
https://www.teachings.ai/learn/body-parts/hands.html,0,4,0%,9
https://www.teachings.ai/Blog/index.html,0,4,0%,17.75
https://www.teachings.ai/learn/nature/waterfall.html,0,4,0%,19.75
https://www.teachings.ai/parents/dyslexia-friendly-activities.html,0,4,0%,39
https://www.teachings.ai/learn/planets/mercury.html,0,4,0%,39.25
https://www.teachings.ai/match-words.html,0,4,0%,39.75
https://www.teachings.ai/match-animals.html,0,4,0%,41.5
https://www.teachings.ai/learn/vehicles/seaplane.html,0,4,0%,43.25
https://www.teachings.ai/learn/alphabets/index.html,0,4,0%,48.5
https://www.teachings.ai/coding/unplugged-coding-activities.html,0,4,0%,51.5
https://www.teachings.ai/coding/coding-games-and-puzzles-for-beginners.html,0,4,0%,55.75
https://www.teachings.ai/learn/scientists/charles-darwin.html,0,4,0%,68.75
https://www.teachings.ai/lesson-plans/index.html,0,4,0%,78.5
https://www.teachings.ai/preschool/preschool-readiness-checklist.html,0,4,0%,87.75
https://www.teachings.ai/learn/vehicles/dump-truck.html,0,3,0%,2.33
https://www.teachings.ai/learn/publicservice/airport.html,0,3,0%,2.67
https://www.teachings.ai/learn/electronics/calculator.html,0,3,0%,3
https://www.teachings.ai/assets/worksheets/alphabets-flashcards.pdf,0,3,0%,5.33
https://www.teachings.ai/learn/fantasy/elf.html,0,3,0%,5.33
https://www.teachings.ai/learn/vehicles/cargo-plane.html,0,3,0%,5.33
https://www.teachings.ai/learn/electronics/sim-card.html,0,3,0%,6.33
https://www.teachings.ai/learn/vehicles/cruise-ship.html,0,3,0%,7.33
https://www.teachings.ai/games-library/why-matching-and-sorting-games-work.html,0,3,0%,8.33
https://www.teachings.ai/learn/vegetables/index.html,0,3,0%,8.33
https://www.teachings.ai/learn/birds/eagle.html,0,3,0%,9.67
https://www.teachings.ai/learn/plants/bamboo.html,0,3,0%,10
https://www.teachings.ai/science/life-cycles-from-egg-to-adult.html,0,3,0%,10
https://www.teachings.ai/vegetables.html,0,3,0%,12.67
https://www.teachings.ai/learn/planets/uranus.html,0,3,0%,18.33
https://www.teachings.ai/Blog/new-phonics-games-update.html,0,3,0%,21.33
https://www.teachings.ai/reading/reluctant-reader-strategies.html,0,3,0%,33.67
https://www.teachings.ai/learn/organs/heart.html,0,3,0%,37.33
https://www.teachings.ai/kindergarten/index.html,0,3,0%,37.67
https://www.teachings.ai/learn/organs/eye.html,0,3,0%,42
https://www.teachings.ai/learn/birds/owl.html,0,3,0%,44
https://www.teachings.ai/learn/nature/river.html,0,3,0%,47.67
https://www.teachings.ai/lesson-plans/main-idea-and-supporting-details-lesson-plan.html,0,3,0%,49.67
https://www.teachings.ai/assets/worksheets/Math-worksheet1.pdf,0,3,0%,55.67
https://www.teachings.ai/learn/nature/lake.html,0,3,0%,55.67
https://www.teachings.ai/learn/country/mexico.html,0,3,0%,74.67
https://www.teachings.ai/math/hands-on-activities-for-number-sense.html,0,3,0%,77.33
https://www.teachings.ai/preschool/fine-motor-activities-for-preschoolers.html,0,3,0%,87
https://www.teachings.ai/learn/publicservice/firestation.html,0,2,0%,6.5
https://www.teachings.ai/learn/publicservice/postoffice.html,0,2,0%,7
https://www.teachings.ai/learn/phonics/notebook.html,0,2,0%,8
https://www.teachings.ai/assets/worksheets/learn-drawing.pdf,0,2,0%,9
https://www.teachings.ai/learn/electronics/self-driving-car.html,0,2,0%,10.5
https://www.teachings.ai/learn/organs/stomach.html,0,2,0%,22.5
https://www.teachings.ai/learn/planets/moon.html,0,2,0%,45.5
https://www.teachings.ai/learn/country/germany.html,0,2,0%,51
https://www.teachings.ai/learn/country/italy.html,0,2,0%,51.5
https://www.teachings.ai/learn/nature/ocean.html,0,2,0%,54
https://www.teachings.ai/learn/planets/jupiter.html,0,2,0%,54.5
https://www.teachings.ai/parents/how-to-teach-reading-at-home.html,0,2,0%,58.5
https://www.teachings.ai/learn/planets/saturn.html,0,2,0%,67.5
https://www.teachings.ai/math/math-talk-everyday-conversations.html,0,2,0%,69.5
https://www.teachings.ai/learn/country/united-kingdom.html,0,2,0%,77.5
https://www.teachings.ai/coding/what-is-coding-for-kids.html,0,2,0%,87.5
https://www.teachings.ai/coding/coding-vocabulary-for-kids.html,0,1,0%,1
https://www.teachings.ai/learn/shapes/diamond.html,0,1,0%,1
https://www.teachings.ai/learn/electronics/cctv.html,0,1,0%,2
https://www.teachings.ai/learn/fantasy/pandora-box.html,0,1,0%,2
https://www.teachings.ai/learn/nature/mountain.html,0,1,0%,2
https://www.teachings.ai/learn/animals/horse.html,0,1,0%,6
https://www.teachings.ai/learn/planets/mars.html,0,1,0%,6
https://www.teachings.ai/learn/vehicles/garbage-truck.html,0,1,0%,7
https://www.teachings.ai/Blog/scratch-games-to-learn-alphabets-numbers-animals-shapes.html,0,1,0%,8
https://www.teachings.ai/colours-sorting.html,0,1,0%,8
https://www.teachings.ai/games-library/index.html,0,1,0%,8
https://www.teachings.ai/learn/body-parts/nose.html,0,1,0%,8
https://www.teachings.ai/learn/fantasy/angel.html,0,1,0%,8
https://www.teachings.ai/learn/vehicles/medical-heli.html,0,1,0%,8
https://www.teachings.ai/learn/vehicles/cargo-ship.html,0,1,0%,9
https://www.teachings.ai/learn/nature/anthill.html,0,1,0%,10
https://www.teachings.ai/lesson-plans/water-cycle-lesson-plan.html,0,1,0%,10
https://www.teachings.ai/learn/nature/camp.html,0,1,0%,11
https://www.teachings.ai/learn/nature/sunset.html,0,1,0%,11
https://www.teachings.ai/learn/plants/aloe-vera.html,0,1,0%,11
https://www.teachings.ai/learn/vehicles/fire-truck.html,0,1,0%,11
https://www.teachings.ai/learn/vehicles/truck.html,0,1,0%,11
https://www.teachings.ai/learn/body-parts/stomach.html,0,1,0%,15
https://www.teachings.ai/learn/vehicles/cruise-bike.html,0,1,0%,30
https://www.teachings.ai/learn/vehicles/police-heli.html,0,1,0%,32
https://www.teachings.ai/learn/scientists/antoine-lavoisier.html,0,1,0%,34
https://www.teachings.ai/learn/vehicles/train.html,0,1,0%,35
https://www.teachings.ai/parents/multiplication-strategies-that-work.html,0,1,0%,38
https://www.teachings.ai/learn/publicservice/policestation.html,0,1,0%,41
https://www.teachings.ai/learn/animals/donkey.html,0,1,0%,43
https://www.teachings.ai/preschool/building-language-through-play.html,0,1,0%,44
https://www.teachings.ai/coding/best-beginner-coding-apps.html,0,1,0%,46
https://www.teachings.ai/parents/building-executive-function-skills.html,0,1,0%,46
https://www.teachings.ai/learn/electronics/video-camera.html,0,1,0%,47
https://www.teachings.ai/learn/nature/desert.html,0,1,0%,47
https://www.teachings.ai/preschool/circle-time-activities.html,0,1,0%,47
https://www.teachings.ai/science/teaching-the-scientific-method.html,0,1,0%,47
https://www.teachings.ai/learn/country/switzerland.html,0,1,0%,48
https://www.teachings.ai/learn/country/russia.html,0,1,0%,49
https://www.teachings.ai/learn/plants/sunflower.html,0,1,0%,50
https://www.teachings.ai/learn/animals/kangaroo.html,0,1,0%,51
https://www.teachings.ai/assets/worksheets/shapes-activity.pdf,0,1,0%,55
https://www.teachings.ai/math/measurement-activities-for-kids.html,0,1,0%,59
https://www.teachings.ai/learn/vehicles/motorboat.html,0,1,0%,70
https://www.teachings.ai/learn/animals/elephant.html,0,1,0%,72
https://www.teachings.ai/learn/scientists/nikola-tesla.html,0,1,0%,72
https://www.teachings.ai/preschool/gross-motor-activities-for-preschoolers.html,0,1,0%,72
https://www.teachings.ai/science/simple-kitchen-science-experiments.html,0,1,0%,72
https://www.teachings.ai/learn/animals/lion.html,0,1,0%,75