Top queries,Clicks,Impressions,CTR,Position
number5,3,3,100%,28
letter e,2,2127,0.09%,9.48
letter t,2,1064,0.19%,9.48
a,2,517,0.39%,13.57
n,1,1436,0.07%,9.62
o,1,1053,0.09%,12.43
letter p,1,496,0.2%,10.48
h,1,253,0.4%,40.12
e alphabet,1,242,0.41%,8.27
letter r,1,182,0.55%,12.43
s,1,134,0.75%,8.87
letter i for kids,1,41,2.44%,8.17
letter e for kids,1,37,2.7%,8.14
letter t alphabet,1,26,3.85%,8.73
letter a for kids,1,17,5.88%,8.76
upper and lower case p,1,9,11.11%,1
english letter e,1,4,25%,8.5
e letter,1,4,25%,11.25
letter s,0,1187,0%,8.49
l,0,605,0%,16.78
letter i,0,368,0%,10.88
letter d,0,313,0%,10.71
the letter e,0,277,0%,10.76
what letter is t in the alphabet,0,241,0%,10
letter m,0,241,0%,10.36
letter n,0,213,0%,9.68
letter q,0,213,0%,10.23
alphabet e,0,198,0%,8.5
t letter,0,191,0%,16.8
p letter,0,173,0%,10.49
5,0,158,0%,20.73
6,0,146,0%,20.28
s letter,0,133,0%,9.18
10,0,121,0%,16.02
letter o,0,119,0%,11.01
alphabet s,0,111,0%,9.29
the letter t,0,108,0%,10.61
alphabet p,0,103,0%,8.83
t alphabet,0,103,0%,9.55
kiwi fruit,0,103,0%,67.17
n for,0,92,0%,8.77
what letter of the alphabet is t,0,90,0%,9.64
what letter of the alphabet is p,0,87,0%,10.16
letter b,0,85,0%,12.54
what letter is o in the alphabet,0,77,0%,10.29
what letter is m in the alphabet,0,74,0%,10.51
what letter of the alphabet is m,0,73,0%,9.14
q letter,0,72,0%,9.08
alphabet letter e,0,71,0%,9.1
letter g,0,68,0%,12.97
alphabet t,0,65,0%,9.22
letter x,0,63,0%,10.67
letter w,0,61,0%,9.43
letter y,0,60,0%,13.28
%s,0,59,0%,8.66
letter l,0,58,0%,17.6
w letter,0,58,0%,19.26
what letter of the alphabet is o,0,56,0%,9.91
letter a,0,56,0%,19.95
.o,0,55,0%,11.58
letter h,0,51,0%,15.57
write t,0,50,0%,9
m alphabet,0,49,0%,9.49
square shape,0,49,0%,12.37
letter z,0,49,0%,13.84
d-letter,0,48,0%,24.85
letter v,0,46,0%,14.5
the letter s,0,43,0%,10.37
o letter,0,42,0%,17.19
i for alphabet,0,41,0%,9.44
t is which letter of the alphabet,0,40,0%,9.97
p alphabet,0,40,0%,10.43
z letter,0,36,0%,10.42
d letter,0,35,0%,18.71
h letter,0,35,0%,30.34
y letter,0,34,0%,9.85
s alphabet,0,32,0%,9.78
what letter of the alphabet is n,0,32,0%,9.78
w,0,32,0%,22.56
what letter of the alphabet is q,0,31,0%,9.97
capital p and small p,0,30,0%,7.87
kiwis,0,29,0%,70.79
alphabet q,0,28,0%,9.64
4,0,28,0%,19.93
the alphabet s,0,27,0%,8
what letter is q in the alphabet,0,26,0%,10.88
o.,0,26,0%,12.85
g letter,0,26,0%,22.58
kiwi is a fruit,0,26,0%,70
small letter t,0,25,0%,10.24
write short note on t,0,25,0%,10.52
the letter d,0,25,0%,12.56
n letter,0,24,0%,8.58
letter n for kids,0,24,0%,8.71
alphabet d,0,24,0%,9.42
are kiwis fruits,0,24,0%,52.92
what letter of the alphabet is s,0,23,0%,12.7
x letter,0,23,0%,12.91
matching words,0,23,0%,37.22
letter t for kids,0,22,0%,8.5
t for what,0,22,0%,9.91
t small letter,0,22,0%,10.68
the letter p,0,22,0%,11.41
word matching,0,22,0%,39.86
kiwi fruit facts,0,22,0%,48.64
q alphabet,0,21,0%,9.38
the letter i,0,21,0%,16.43
x alphabet,0,20,0%,7.55
what letter of the alphabet is r,0,20,0%,11.3
d alphabet,0,20,0%,12.35
s letters,0,20,0%,13.1
i letter,0,20,0%,23.1
i alphabet,0,20,0%,23.95
letter p for kids,0,19,0%,8.63
which letter of the alphabet is p,0,19,0%,8.95
n.,0,19,0%,9.05
t is the nth letter of the alphabet,0,19,0%,9.84
letter e alphabet,0,18,0%,9
o alphabet,0,18,0%,10.22
#a,0,18,0%,11
how to write t,0,18,0%,13.33
alphabet y,0,17,0%,8.35
.n,0,17,0%,10.59
what letter is p in the alphabet,0,17,0%,11.41
p for alphabet,0,17,0%,11.59
the letter o,0,17,0%,14.59
q the letter,0,17,0%,16.59
building reading comprehension,0,17,0%,29.24
alphabet o,0,16,0%,8.25
alphabet n,0,16,0%,8.81
latter e,0,16,0%,9.62
kiwis fruit,0,16,0%,69.75
t pictures for kids,0,15,0%,9.67
alphabet letter t,0,15,0%,9.73
with q,0,15,0%,41.47
letter ss,0,14,0%,8.71
q in alphabet,0,14,0%,8.71
t in alphabet,0,14,0%,9.29
t is what letter of the alphabet,0,14,0%,9.29
alphabet letter d,0,14,0%,9.36
what letter of the alphabet is l,0,14,0%,9.79
z alphabet,0,14,0%,9.86
e for what,0,14,0%,10.36
srinivasa,0,14,0%,30.14
e letters,0,14,0%,30.57
what is a kiwi,0,14,0%,68
what is kiwi fruit,0,14,0%,71.71
inside of kiwi,0,13,0%,5.62
2 count,0,13,0%,7.46
p-[],0,13,0%,8.92
e for alphabet,0,13,0%,9.08
which letter of the alphabet is t,0,13,0%,9.38
write the t,0,13,0%,9.69
e in the alphabet,0,13,0%,12
how to write letter t,0,13,0%,12.31
the letter q,0,13,0%,13.08
p letters,0,13,0%,18.46
+5,0,13,0%,24.15
inside of a kiwi,0,13,0%,27.92
a letter,0,13,0%,47.38
m is which letter of the alphabet,0,12,0%,9.17
t alphabets,0,12,0%,9.83
which letter of the alphabet is s,0,12,0%,10
alphabet w,0,12,0%,10.58
"l,",0,12,0%,14.92
letter of e,0,12,0%,16
amazing planets scratch away activity,0,12,0%,35.92
kiwi fruit fruit,0,12,0%,68.17
what is kiwi,0,12,0%,74.58
kiwi a fruit,0,12,0%,78.17
a letter t,0,11,0%,8
capital e and small e,0,11,0%,8
alphabet x,0,11,0%,8.18
x pictures for kids,0,11,0%,8.36
alphabet i for,0,11,0%,8.64
';p,0,11,0%,9.82
t letter alphabet,0,11,0%,9.82
g alphabet,0,11,0%,10
n',0,11,0%,10.91
m letter,0,11,0%,11.27
e the letter,0,11,0%,12.64
n alphabet,0,11,0%,13.09
letters e,0,11,0%,19
what number is p in the alphabet,0,11,0%,40.55
small kiwi fruit,0,11,0%,62.18
alphabet m,0,10,0%,8.4
p pictures for kids,0,10,0%,8.5
learn the letter v,0,10,0%,9
what letter of alphabet is m,0,10,0%,9.1
w is for wolf,0,10,0%,9.4
alphabet letter p,0,10,0%,9.6
o is which letter of the alphabet,0,10,0%,9.6
y in alphabet,0,10,0%,10
n],0,10,0%,10.1
which letter of the alphabet is o,0,10,0%,10.2
what letter in the alphabet is o,0,10,0%,10.4
alphabet letters e,0,10,0%,10.5
alphabet l,0,10,0%,11.8
t the letter,0,10,0%,14.8
l;,0,10,0%,17.1
!o,0,10,0%,24.7
hexagon shape,0,10,0%,46.8
what number is t in the alphabet,0,10,0%,53.4
capital y and small y,0,9,0%,8.56
leter s,0,9,0%,8.56
letter m for kids,0,9,0%,8.56
big and small q,0,9,0%,9.11
alphabet letter s,0,9,0%,9.44
p for pen,0,9,0%,9.56
e alphabets,0,9,0%,9.67
what letter of alphabet is o,0,9,0%,9.89
alphabet v,0,9,0%,10
. n,0,9,0%,10.56
t for alphabet,0,9,0%,11
alphabet letter i,0,9,0%,11.33
a.,0,9,0%,13.22
alphabet i,0,9,0%,14.44
;o,0,9,0%,15.44
r alphabet,0,9,0%,15.56
+6,0,9,0%,18.89
d letters,0,9,0%,20.56
l.,0,9,0%,22.22
s in letters,0,9,0%,22.78
i letters,0,9,0%,24.78
kiwi fruit fun facts,0,9,0%,40
octagon shape,0,9,0%,50
kiwi type of fruit,0,9,0%,59.67
kiwi fruit kiwi,0,9,0%,65.56
about kiwi,0,9,0%,74.33
letter l for kids,0,8,0%,6.5
alphabet letter q,0,8,0%,7.5
letter d for,0,8,0%,8.12
write down the t,0,8,0%,8.62
\n,0,8,0%,8.88
e for kids,0,8,0%,9.12
letter t small,0,8,0%,9.12
what letter of alphabet is p,0,8,0%,9.25
p is which letter of the alphabet,0,8,0%,10
what does the letter e look like,0,8,0%,10.38
alphabet r,0,8,0%,10.5
o .,0,8,0%,11.88
what letter in the alphabet is t,0,8,0%,12.5
l letter,0,8,0%,16.75
r letter,0,8,0%,18
v letter,0,8,0%,25.5
with e,0,8,0%,25.88
number five,0,8,0%,38.88
kiwi for kids,0,8,0%,41.38
what does a kiwi look like,0,8,0%,48.88
what are the physical characteristics of kiwi fruit?,0,8,0%,56.62
fruit kiwi,0,8,0%,66.38
what type of fruit is a kiwi,0,8,0%,72.38
what is the kiwi fruit,0,8,0%,75.88
write the e,0,7,0%,7
letter q for kids,0,7,0%,7.57
alphabet letter r,0,7,0%,8.14
alphabet z,0,7,0%,8.14
letter o for kids,0,7,0%,8.29
capital l and small l,0,7,0%,9.14
small letter o,0,7,0%,9.14
what letter of alphabet is t,0,7,0%,9.14
small l,0,7,0%,9.29
"n,",0,7,0%,9.71
e in alphabet,0,7,0%,9.86
letter x for kids,0,7,0%,10
t which letter of alphabet,0,7,0%,10.14
which letter of the alphabet is n,0,7,0%,10.14
h is for hat,0,7,0%,10.29
m letter of the alphabet,0,7,0%,10.29
leter e,0,7,0%,10.43
;l,0,7,0%,10.71
m is what letter of the alphabet,0,7,0%,10.71
what letter in the alphabet is m,0,7,0%,11.14
the letter n,0,7,0%,12.43
i in alphabet,0,7,0%,12.57
o],0,7,0%,13.86
s is the nth letter of the alphabet,0,7,0%,14
q letters,0,7,0%,16.71
o',0,7,0%,17.43
b letter,0,7,0%,30.57
electronic activity,0,7,0%,37.71
what does kiwi look like,0,7,0%,43.29
pentagon shape,0,7,0%,46.86
p phonetic alphabet,0,7,0%,47.43
facts about kiwi fruit,0,7,0%,47.57
rectangle,0,7,0%,53.86
hummingbird,0,7,0%,59.43
why are kiwis hairy,0,7,0%,62.71
what are kiwis,0,7,0%,78
q for queen,0,6,0%,3.33
letter t kids,0,6,0%,7
p letter alphabet,0,6,0%,8.17
which letter of the alphabet is r,0,6,0%,8.33
';[p,0,6,0%,8.5
alphabet e for,0,6,0%,8.83
latter t,0,6,0%,9.17
p\],0,6,0%,9.17
e letter alphabet,0,6,0%,9.33
l small letter,0,6,0%,9.33
y alphabet,0,6,0%,9.33
capital p small p,0,6,0%,9.67
p small letter,0,6,0%,9.67
q with,0,6,0%,9.83
x in alphabet,0,6,0%,9.83
what letter of alphabet is q,0,6,0%,10.67
how to write the letter t,0,6,0%,11.33
leter t,0,6,0%,11.33
small p****,0,6,0%,11.83
p for kids,0,6,0%,12.17
i,0,6,0%,12.83
letters s,0,6,0%,13.33
the letter a,0,6,0%,13.5
what is t in the alphabet,0,6,0%,14
l',0,6,0%,16
letter m letter,0,6,0%,16
alphabet letters i,0,6,0%,16.17
r in alphabet,0,6,0%,16.17
why are kiwis fuzzy,0,6,0%,16.5
the letter y,0,6,0%,17.83
h]],0,6,0%,18.83
ĺ,0,6,0%,18.83
what letter is s in the alphabet,0,6,0%,21.5
.5,0,6,0%,23.67
a-kiwi-fruit,0,6,0%,28.17
w#,0,6,0%,29
number 5,0,6,0%,31.33
inside a kiwi,0,6,0%,33.5
coding planets,0,6,0%,35.5
what number is the letter r,0,6,0%,50.5
p is what number in the alphabet,0,6,0%,51.67
a hen,0,6,0%,52.33
how do boats float,0,6,0%,52.5
ai phonics activities,0,6,0%,53.33
kiwi fruit description,0,6,0%,65.17
kiwi fruit in english,0,6,0%,69.83
what is in a kiwi,0,6,0%,72.33
what is a kiwi fruit,0,6,0%,76.17
about kiwi fruit,0,6,0%,78.5
what are bananas,0,6,0%,85.17
q is for queen,0,5,0%,4.4
capital s and small s,0,5,0%,7
alphabet letter m,0,5,0%,7.2
z pictures for kids,0,5,0%,7.6
t letter of the alphabet,0,5,0%,8.4
p which letter of alphabet,0,5,0%,8.6
v is for van,0,5,0%,8.6
m letter alphabet,0,5,0%,9
o\],0,5,0%,9
write a short note on t,0,5,0%,9
m is what letter in the alphabet,0,5,0%,9.2
letter p in alphabet,0,5,0%,9.6
what does an e look like,0,5,0%,9.6
what letter is x in the alphabet,0,5,0%,9.6
)l,0,5,0%,9.8
letterm,0,5,0%,9.8
the letter x,0,5,0%,9.8
n pictures for kids,0,5,0%,10
letter e for,0,5,0%,10.4
alphabet letter g,0,5,0%,11
w alphabet,0,5,0%,11
i alphabets,0,5,0%,12
p letter of alphabet,0,5,0%,12.2
10.,0,5,0%,12.8
o;,0,5,0%,13.8
o-,0,5,0%,14.2
what letter is n in the alphabet,0,5,0%,14.6
o is what letter of the alphabet,0,5,0%,14.8
[o,0,5,0%,15.4
letter bb,0,5,0%,15.8
number 4,0,5,0%,16
letter s alphabet,0,5,0%,16.2
letters m,0,5,0%,18
the letter v,0,5,0%,19.2
"""w",0,5,0%,20.4
5',0,5,0%,20.6
i in the alphabet,0,5,0%,23.6
countries for kids,0,5,0%,23.8
t letters,0,5,0%,24
letters d,0,5,0%,24.2
six number,0,5,0%,24.4
letters r,0,5,0%,24.8
n letters,0,5,0%,28.2
with d,0,5,0%,31.6
what is 10,0,5,0%,32.6
match the word,0,5,0%,35.6
o letters,0,5,0%,39.4
what do kiwi look like,0,5,0%,39.8
a letters,0,5,0%,42.8
ai phonics games,0,5,0%,43.4
oval shape,0,5,0%,49
why do kiwis have hair,0,5,0%,51.2
top 10 facts about kiwi fruit,0,5,0%,52.8
interesting facts about kiwi fruit,0,5,0%,54.8
kiwi kiwi fruit,0,5,0%,55.6
matching word,0,5,0%,58.8
is kiwi a fruit,0,5,0%,70.8
kiwi without skin,0,5,0%,78.2
star shape examples for kids,0,4,0%,5.25
letter k,0,4,0%,6.75
alphabet letter n,0,4,0%,7
v alphabet,0,4,0%,7
alphabet t for,0,4,0%,7.25
star sides,0,4,0%,7.25
capital t and small t,0,4,0%,7.5
e is for egg,0,4,0%,7.5
letter u,0,4,0%,8
p as a,0,4,0%,8
capital l small l,0,4,0%,8.25
o pictures for kids,0,4,0%,8.25
r is for rat,0,4,0%,8.25
t for kids,0,4,0%,8.25
leter i,0,4,0%,8.5
lettwr e,0,4,0%,8.5
what does n look like,0,4,0%,8.5
which letter of alphabet is s,0,4,0%,8.5
give me the e,0,4,0%,8.75
n\,0,4,0%,9
r letter of the alphabet,0,4,0%,9
';l,0,4,0%,9.25
how to write small t,0,4,0%,9.25
small p and capital p,0,4,0%,9.25
p in alphabet,0,4,0%,9.5
s which letter of alphabet,0,4,0%,9.5
a as d,0,4,0%,9.75
p alphabets,0,4,0%,9.75
which letter is o in the alphabet,0,4,0%,9.75
about hen for kids,0,4,0%,10
i for kids,0,4,0%,10
",o",0,4,0%,10.25
letter e letter,0,4,0%,10.25
which letter of the alphabet is l,0,4,0%,10.25
a small p,0,4,0%,10.5
a letter s,0,4,0%,10.75
letter of i,0,4,0%,10.75
the letter w,0,4,0%,10.75
o]],0,4,0%,11
.a,0,4,0%,11.25
small l letter,0,4,0%,11.25
t is the letter of the alphabet,0,4,0%,11.5
what letter is l in the alphabet,0,4,0%,11.5
@a,0,4,0%,11.75
learning letter t,0,4,0%,11.75
english alphabet p,0,4,0%,12
letter t for,0,4,0%,12
",l",0,4,0%,12.5
e letter e,0,4,0%,12.5
how to write letter q,0,4,0%,12.75
letter r alphabet,0,4,0%,12.75
m in alphabet,0,4,0%,13.5
small s letter,0,4,0%,14.25
m letters,0,4,0%,14.75
:o,0,4,0%,15
letters p,0,4,0%,15
small p letter,0,4,0%,15
q for alphabet,0,4,0%,15.75
the letter g,0,4,0%,15.75
£6,0,4,0%,15.75
¥ 6,0,4,0%,15.75
6) =,0,4,0%,16.25
the letter l,0,4,0%,16.25
letters i,0,4,0%,17.25
r letter in alphabet,0,4,0%,17.25
letter of p,0,4,0%,17.5
l],0,4,0%,17.75
letters q,0,4,0%,17.75
r letter of alphabet,0,4,0%,17.75
i the letter,0,4,0%,18.25
write the letter e,0,4,0%,18.25
writing the letter t,0,4,0%,19.25
letter ee,0,4,0%,19.75
what letter in the alphabet is p,0,4,0%,19.75
articulated bus,0,4,0%,20.5
letters y,0,4,0%,20.5
s is what letter of the alphabet,0,4,0%,20.75
r in the alphabet,0,4,0%,21.5
the letter z,0,4,0%,21.5
8) is called.,0,4,0%,24.25
what is a square corner,0,4,0%,24.75
kiwi fuzz,0,4,0%,27
the letter r,0,4,0%,27.25
r letters,0,4,0%,27.75
h',0,4,0%,29
p number in alphabet,0,4,0%,30.25
w.,0,4,0%,33.25
what letter of the alphabet is i,0,4,0%,34.25
w spelling,0,4,0%,35
fun facts about kiwi fruit,0,4,0%,40.25
letter after p,0,4,0%,40.25
flamingo facts for kids,0,4,0%,45.5
types of s,0,4,0%,48.25
parrot facts for kids,0,4,0%,48.75
match the words,0,4,0%,49
different types of s,0,4,0%,51.25
hen information,0,4,0%,56.25
ai phonics game,0,4,0%,58.25
facts about kiwifruit,0,4,0%,58.75
what number of the alphabet is t,0,4,0%,61.5
kv fruit,0,4,0%,63.25
math fact fluency programs,0,4,0%,66.25
keewee fruit,0,4,0%,68.25
is kiwi a fruit or vegetable,0,4,0%,70.5
what do kiwis do,0,4,0%,71.75
what are kiwi fruits,0,4,0%,72.25
what about kiwi fruit,0,4,0%,75.75
what do kiwis eat,0,4,0%,76.5
u letter,0,3,0%,5
p-=[,0,3,0%,5.67
all about the number 2,0,3,0%,6
v in alphabet,0,3,0%,6
e letter for kids,0,3,0%,7
fairy facts for kids,0,3,0%,7
h alphabet,0,3,0%,7
letter s for kids,0,3,0%,7
d in alphabet,0,3,0%,7.33
latter m,0,3,0%,7.33
leeter e,0,3,0%,7.67
letter f,0,3,0%,7.67
n for alphabet,0,3,0%,7.67
big and small letter q,0,3,0%,8
letter s s,0,3,0%,8
p letter in alphabet,0,3,0%,8
a letter e,0,3,0%,8.33
capital letter x,0,3,0%,8.33
letter o for,0,3,0%,8.33
letter x for kindergarten,0,3,0%,8.33
lwtter s,0,3,0%,8.33
p picture for kids,0,3,0%,8.33
q is which letter of the alphabet,0,3,0%,8.33
heart shape sides,0,3,0%,8.67
latter p,0,3,0%,8.67
letter i for,0,3,0%,8.67
which letter of the alphabet is m,0,3,0%,8.67
alphabet s letter,0,3,0%,9
capital q small q,0,3,0%,9
letter t in alphabet,0,3,0%,9
letter y for kids,0,3,0%,9
q letter in alphabet,0,3,0%,9
r letter alphabet,0,3,0%,9
x for alphabet,0,3,0%,9
alphabet x for kids,0,3,0%,9.33
latter d,0,3,0%,9.33
p is for pen,0,3,0%,9.33
d letter for kids,0,3,0%,9.67
hen for kids,0,3,0%,9.67
o in the alphabet,0,3,0%,9.67
p in the alphabet,0,3,0%,9.67
s was a,0,3,0%,9.67
small letter s,0,3,0%,9.67
how does an articulated bus work,0,3,0%,10
s letter in alphabet,0,3,0%,10
what is an articulated bus,0,3,0%,10
where is o in the alphabet,0,3,0%,10
alphabet letter a,0,3,0%,10.33
r for rat,0,3,0%,10.33
what does p look like,0,3,0%,10.33
write letter t,0,3,0%,10.33
y for yak,0,3,0%,10.33
",n",0,3,0%,10.67
motorcycle facts for kids,0,3,0%,10.67
q is what letter of the alphabet,0,3,0%,10.67
r is what letter of the alphabet,0,3,0%,10.67
s letter of alphabet,0,3,0%,10.67
what does the letter d look like,0,3,0%,10.67
what letter is t in alphabet,0,3,0%,10.67
what letter of alphabet is s,0,3,0%,10.67
. o,0,3,0%,11
how to write the letter q,0,3,0%,11
r for alphabet,0,3,0%,11
small letter l,0,3,0%,11.33
letter i in alphabet,0,3,0%,11.67
what letter is o in alphabet,0,3,0%,11.67
b alphabet,0,3,0%,12
o alphabets,0,3,0%,12
letter d alphabet,0,3,0%,12.33
alphabet r for,0,3,0%,12.67
letter o alphabet,0,3,0%,12.67
o\,0,3,0%,12.67
write the letter t,0,3,0%,13
s in alphabet,0,3,0%,13.33
6!,0,3,0%,13.67
10%,0,3,0%,14
letter i alphabet,0,3,0%,14
letter p alphabet,0,3,0%,14
حرف t للاطفال,0,3,0%,14
n in alphabet,0,3,0%,14.33
s small letter,0,3,0%,14.33
alphabet letter y,0,3,0%,15
d spelling,0,3,0%,15
write a letter t,0,3,0%,15
s in letter,0,3,0%,15.33
writing letter t,0,3,0%,15.33
p letter of the alphabet,0,3,0%,15.67
s letter of the alphabet,0,3,0%,15.67
/ 6,0,3,0%,16
5!,0,3,0%,16
r is which letter of the alphabet,0,3,0%,16
h letter h,0,3,0%,16.33
6',0,3,0%,17
r for in alphabet,0,3,0%,17
t for letters,0,3,0%,17
.l,0,3,0%,17.67
reels ai,0,3,0%,17.67
the letter h,0,3,0%,17.67
write d,0,3,0%,17.67
g letter g,0,3,0%,18.33
letter e is for,0,3,0%,18.33
a[,0,3,0%,18.67
how to write letter s,0,3,0%,19
a alphabet,0,3,0%,19.33
what is o in the alphabet,0,3,0%,19.33
meet the letters o,0,3,0%,20
letter with m,0,3,0%,20.67
which letter is p,0,3,0%,20.67
=l,0,3,0%,21
english alphabet m,0,3,0%,21
letter a in english,0,3,0%,21.67
number 6,0,3,0%,21.67
5.,0,3,0%,22
letter s big and small,0,3,0%,22
letters t,0,3,0%,22.33
letter t for preschool,0,3,0%,22.67
preschool letter p,0,3,0%,23
letters of e,0,3,0%,23.33
b letters,0,3,0%,23.67
b in letters,0,3,0%,24
learn countries,0,3,0%,25
letters v,0,3,0%,25.67
حرف t بالانجليزي,0,3,0%,25.67
what letter is i in the alphabet,0,3,0%,26
h.,0,3,0%,26.33
w..,0,3,0%,26.67
circle shape,0,3,0%,27.67
what letter is r in the alphabet,0,3,0%,28
letters a,0,3,0%,28.33
parrot for kids,0,3,0%,30.67
how to spell the letter h,0,3,0%,31
letter i small,0,3,0%,31
what number is e in the alphabet,0,3,0%,34.33
how do you spell the letter i,0,3,0%,34.67
v spelling,0,3,0%,35.33
letter a for nursery,0,3,0%,36
triangle shape,0,3,0%,36
information about pigeons for kids,0,3,0%,36.33
five number,0,3,0%,37.33
kindergarten learning,0,3,0%,37.67
with i,0,3,0%,37.67
حرف التاء بالانجليزي,0,3,0%,38.33
what number in the alphabet is p,0,3,0%,39
tracing numbers and letters,0,3,0%,40.33
how does a bike works,0,3,0%,41.67
about banana for kids,0,3,0%,42
kiwi description,0,3,0%,43
what does a pentagon look like,0,3,0%,43.33
peacock facts for preschoolers,0,3,0%,43.67
ramanujan scientist,0,3,0%,44.33
what number is o in the alphabet,0,3,0%,44.33
lower case letter s,0,3,0%,45.67
what number is r in the alphabet,0,3,0%,46.67
what number of the alphabet is r,0,3,0%,48
n in phonetic alphabet,0,3,0%,48.67
describe a kiwi,0,3,0%,49.33
t number in alphabet,0,3,0%,53.33
coding puzzles,0,3,0%,55
letter d meaning,0,3,0%,55.33
kiwi frut,0,3,0%,56.67
6 sided shape,0,3,0%,57
young kiwi fruit,0,3,0%,57
how does a usb work,0,3,0%,57.67
what number letter is t,0,3,0%,59
t is what number in the alphabet,0,3,0%,59.67
fruits kiwi,0,3,0%,61
different s,0,3,0%,62
all about kiwi fruit,0,3,0%,62.33
keywee fruit,0,3,0%,63.33
mirror reflection words,0,3,0%,63.67
kindergarten sight words,0,3,0%,65.33
kwik fruit,0,3,0%,67.33
all about countries,0,3,0%,68
sight words for kindergarten,0,3,0%,69.67
what is kiwis,0,3,0%,69.67
kiwi is a fruit or vegetable,0,3,0%,71.33
what do kiwi eat,0,3,0%,71.67
is a kiwi a fruit or vegetable,0,3,0%,72
is a kiwi a fruit or a vegetable,0,3,0%,72.33
is kiwi fruit,0,3,0%,77.33
number sense activities,0,3,0%,77.33
facts on alexander graham bell,0,3,0%,79
isaac newton facts,0,3,0%,79.33
parts of a kiwi,0,3,0%,79.33
guided reading levels,0,3,0%,79.67
why are bananas,0,3,0%,79.67
kiwi fruit or vegetable,0,3,0%,90
kiwi shape,0,3,0%,90.33
b comes after,0,2,0%,1
kiwi parts,0,2,0%,1
p-[=,0,2,0%,3.5
small r for kids,0,2,0%,4.5
q letter alphabet,0,2,0%,5
s',0,2,0%,5
t in the alphabet,0,2,0%,5
find letter b,0,2,0%,6
latter q,0,2,0%,6
letter t in the alphabet,0,2,0%,6
𝒮,0,2,0%,6
alphabetq,0,2,0%,6.5
alphabets n,0,2,0%,6.5
leter d,0,2,0%,6.5
small y and capital y,0,2,0%,6.5
w for wolf,0,2,0%,6.5
capital s small s,0,2,0%,7
g for alphabet,0,2,0%,7
ltter e,0,2,0%,7
e,0,2,0%,7.5
o@,0,2,0%,7.5
s letter for kids,0,2,0%,7.5
x for what?,0,2,0%,7.5
y letter alphabet,0,2,0%,7.5
alphabet letter o,0,2,0%,8
ball phonics sound,0,2,0%,8
d for alphabet,0,2,0%,8
english letter p,0,2,0%,8
letter n alphabet,0,2,0%,8
lettr e,0,2,0%,8
ltter t,0,2,0%,8
s latter,0,2,0%,8
s leter,0,2,0%,8
sun phonics,0,2,0%,8
t words for kids with pictures,0,2,0%,8
v for kids,0,2,0%,8
y pictures for kids,0,2,0%,8
leeter s,0,2,0%,8.5
leter o,0,2,0%,8.5
letter h for kids,0,2,0%,8.5
letterbe,0,2,0%,8.5
write five e,0,2,0%,8.5
",a",0,2,0%,9
\o,0,2,0%,9
alphabet b,0,2,0%,9
alphabet g for kids,0,2,0%,9
alphabet letter b,0,2,0%,9
alphabet x for,0,2,0%,9
capital v and small v,0,2,0%,9
d for letter,0,2,0%,9
e for letter,0,2,0%,9
fantasy characters for kids,0,2,0%,9
i for in alphabet,0,2,0%,9
letter g for kids,0,2,0%,9
letter i is for,0,2,0%,9
letter i kids,0,2,0%,9
letter.m,0,2,0%,9
ll alphabet,0,2,0%,9
n for kids,0,2,0%,9
o is a,0,2,0%,9
t word pictures for kids,0,2,0%,9
t]],0,2,0%,9
w for kids,0,2,0%,9
what does q look like,0,2,0%,9
what letter in the alphabet is s,0,2,0%,9
where can i find o,0,2,0%,9
write down the p,0,2,0%,9
y for alphabet,0,2,0%,9
ĺ 1,0,2,0%,9
alphabet p for,0,2,0%,9.5
english alphabet e,0,2,0%,9.5
l\,0,2,0%,9.5
letter alphabet e,0,2,0%,9.5
letter g alphabet,0,2,0%,9.5
letyer e,0,2,0%,9.5
p is what letter in the alphabet,0,2,0%,9.5
what does the letter p look like,0,2,0%,9.5
write h,0,2,0%,9.5
4^,0,2,0%,10
5 like a,0,2,0%,10
a',0,2,0%,10
alphabet letter y with pictures,0,2,0%,10
alphabet.l,0,2,0%,10
l for kids,0,2,0%,10
l for letter,0,2,0%,10
leter p,0,2,0%,10
lette e,0,2,0%,10
letter h kids,0,2,0%,10
lwtter e,0,2,0%,10
m letter in alphabet,0,2,0%,10
n as a,0,2,0%,10
n. .,0,2,0%,10
s letter in english,0,2,0%,10
sides of star shape,0,2,0%,10
w in alphabet,0,2,0%,10
what is articulated bus,0,2,0%,10
what letter in the alphabet is r,0,2,0%,10
y small letter,0,2,0%,10
حرف v,0,2,0%,10
alphabetical o,0,2,0%,10.5
big and small letter o,0,2,0%,10.5
ketter s,0,2,0%,10.5
leeter p,0,2,0%,10.5
n is which letter of the alphabet,0,2,0%,10.5
o￼,0,2,0%,10.5
t letter for kids,0,2,0%,10.5
the leter e,0,2,0%,10.5
v letter in alphabet,0,2,0%,10.5
what is the letter e,0,2,0%,10.5
which letter is t in the alphabet,0,2,0%,10.5
big and small letter p,0,2,0%,11
count to 10,0,2,0%,11
how to write small letter t,0,2,0%,11
letter q is for,0,2,0%,11
letters to x,0,2,0%,11
p for what,0,2,0%,11
small letter e,0,2,0%,11
t how to write,0,2,0%,11
what has 6,0,2,0%,11
what letter is m in alphabet,0,2,0%,11
yak y,0,2,0%,11
a@,0,2,0%,11.5
alphabet letters t,0,2,0%,11.5
o for kids,0,2,0%,11.5
small l alphabet,0,2,0%,11.5
#o,0,2,0%,12
10 !,0,2,0%,12
fun facts about squares,0,2,0%,12
letter d with pictures,0,2,0%,12
letter m for,0,2,0%,12
"o,",0,2,0%,12
o..,0,2,0%,12
alphabet letters p,0,2,0%,12.5
alphabets i,0,2,0%,12.5
small p alphabet,0,2,0%,12.5
t in a,0,2,0%,12.5
a letter d,0,2,0%,13
q small letter,0,2,0%,13
s is the letter of the alphabet,0,2,0%,13
alphabet h,0,2,0%,13.5
count ten,0,2,0%,13.5
l-,0,2,0%,13.5
q alphabets,0,2,0%,13.5
how to write letter p,0,2,0%,14
z in the alphabet,0,2,0%,14
"""l",0,2,0%,14.5
10\,0,2,0%,14.5
letter w alphabet,0,2,0%,14.5
alphabet of s,0,2,0%,15
english letter s,0,2,0%,15
h letter alphabet,0,2,0%,15
letter d small,0,2,0%,15
letter s small,0,2,0%,15
m the letter,0,2,0%,15
square shapes,0,2,0%,15
what is letter e,0,2,0%,15
b the letter,0,2,0%,15.5
letter rr,0,2,0%,15.5
o[,0,2,0%,15.5
shapes circle,0,2,0%,15.5
t alphabet letter,0,2,0%,15.5
with letter d,0,2,0%,15.5
¥6,0,2,0%,15.5
10:,0,2,0%,16
alphabet letter z,0,2,0%,16
letter e kids,0,2,0%,16
n spelling,0,2,0%,16
o the letter,0,2,0%,16
p spelling,0,2,0%,16
v the letter,0,2,0%,16
with the letter q,0,2,0%,16
how do you spell p,0,2,0%,16.5
about 10,0,2,0%,17
a$,0,2,0%,17.5
d the letter,0,2,0%,17.5
حرف e,0,2,0%,17.5
letter d letter,0,2,0%,18
letter s is for,0,2,0%,18
s is which letter of the alphabet,0,2,0%,18
alphabet m for,0,2,0%,18.5
letters and s,0,2,0%,18.5
m for alphabet words,0,2,0%,18.5
s in the alphabet,0,2,0%,18.5
the s letter,0,2,0%,18.5
write the letter p,0,2,0%,18.5
'l,0,2,0%,19
10 number,0,2,0%,19
how to write the letter s,0,2,0%,19
letter e example,0,2,0%,19
the letters e,0,2,0%,19
different ways to write the letter s,0,2,0%,19.5
letter e examples,0,2,0%,19.5
write letter p,0,2,0%,19.5
spelling of p,0,2,0%,20
v small letter,0,2,0%,20
w],0,2,0%,20
write i,0,2,0%,20
accordion bus,0,2,0%,20.5
find the letter s,0,2,0%,20.5
meet the letters t,0,2,0%,20.5
star shape,0,2,0%,20.5
how to write w,0,2,0%,21
letter 0,0,2,0%,21
o=,0,2,0%,21
small alphabet r,0,2,0%,21
the letter m,0,2,0%,21
'o',0,2,0%,22
=o,0,2,0%,22
letter ll,0,2,0%,22
letter q for kindergarten,0,2,0%,22
what letter is e in the alphabet,0,2,0%,22
האות d,0,2,0%,22
האות m,0,2,0%,22
5],0,2,0%,22.5
o<,0,2,0%,22.5
t in letters,0,2,0%,22.5
triangle for kids,0,2,0%,22.5
5),0,2,0%,23
the letter after b,0,2,0%,23
what is the letter g,0,2,0%,23.5
english letter r,0,2,0%,25
h letters,0,2,0%,25
write letter a,0,2,0%,25
alphabet a,0,2,0%,25.5
alphabet m number,0,2,0%,25.5
what letter is i,0,2,0%,25.5
#l,0,2,0%,26.5
$h$,0,2,0%,26.5
d in letters,0,2,0%,26.5
are kiwis supposed to be soft,0,2,0%,27
number 10,0,2,0%,27
with letter i,0,2,0%,27
square edges,0,2,0%,27.5
eight number,0,2,0%,28.5
matching spelling,0,2,0%,28.5
w number alphabet,0,2,0%,28.5
האות e,0,2,0%,28.5
حرف a,0,2,0%,28.5
kiwi inside,0,2,0%,29
t spelling,0,2,0%,29
letter h spelling,0,2,0%,29.5
matching the words,0,2,0%,29.5
kiwi middle part,0,2,0%,30
letters h,0,2,0%,30
with the letter i,0,2,0%,30.5
g number in alphabet,0,2,0%,31
r the letter,0,2,0%,31
حرف i,0,2,0%,31
triangle shapes,0,2,0%,32.5
what letter of the alphabet is e,0,2,0%,32.5
t with a line through it,0,2,0%,33
[h,0,2,0%,33.5
matching the word,0,2,0%,33.5
how do you spell the letter e,0,2,0%,34
what number is x in the alphabet,0,2,0%,34
what letter is this i,0,2,0%,34.5
learn about countries of the world,0,2,0%,35
countries of the world for kids,0,2,0%,35.5
what letter is p,0,2,0%,35.5
spell the letter h,0,2,0%,36
learning about countries,0,2,0%,36.5
phonetic alphabet o,0,2,0%,37
rectangle shape,0,2,0%,37
t number alphabet,0,2,0%,37
what does a kiwi fruit look like,0,2,0%,37.5
dyslexia activities,0,2,0%,38
letter p is for,0,2,0%,38
phonetic alphabet letter p,0,2,0%,38
pentagon real life examples,0,2,0%,38.5
what number is i in the alphabet,0,2,0%,38.5
alphabet a letters,0,2,0%,39
how do you spell the letter s,0,2,0%,39
letters z,0,2,0%,39
fun facts about parrots for kids,0,2,0%,40.5
kiwi kis,0,2,0%,40.5
number s in alphabet,0,2,0%,40.5
tracing letters and numbers,0,2,0%,40.5
srinivasa ramanujan,0,2,0%,41
canada facts for kids,0,2,0%,41.5
fraction object,0,2,0%,41.5
kiwi fruit for kids,0,2,0%,41.5
m letter number in alphabet,0,2,0%,42.5
which letter of the alphabet is i,0,2,0%,42.5
rect shape,0,2,0%,43
learn about country,0,2,0%,43.5
octagonal shapes,0,2,0%,44
what is 5,0,2,0%,44
what shape is a rectangle,0,2,0%,44
í,0,2,0%,44
t alphabet number,0,2,0%,45
what's kiwi,0,2,0%,45.5
r number in alphabet,0,2,0%,46
sir isaac newton for kids,0,2,0%,46
kiwi fruit shape,0,2,0%,47.5
letter i preschool,0,2,0%,48
letter t number in alphabet,0,2,0%,48
all about airplanes,0,2,0%,49
letter and number tracing,0,2,0%,49
banana for kids,0,2,0%,49.5
حرف تي بالانجليزي,0,2,0%,49.5
figure with 6 sides,0,2,0%,50
about different countries,0,2,0%,50.5
letter after l,0,2,0%,50.5
kiwi fruit interesting facts,0,2,0%,51
letter r number in alphabet,0,2,0%,51.5
o is what number in the alphabet,0,2,0%,51.5
8 number,0,2,0%,52